;Task 1;Task 2;Perf 1;Perf 2;Time 1;Time 2;Time 22;Trajectory 1x;Trajectory 1y;Trajectory 2x;Trajectory 2y
Mean;15,443083974159919;6,541689390824885;9,769543516450051;9,222351209063252;1,310000000000001;4,099999999999957;4,099999999999957;177,03590128557877;459,3090332114016;186,29414712230582;468,1222871407339
Std;12,35449705868651;4,589280106848127;10,850947719020965;9,824447560633686;1,320000000000001;4,109999999999957;4,109999999999957;176,06196735268753;460,1111307611774;185,35196656754675;468,93913149840887
RMS;19,776815724631923;7,990944373798556;11,946006443524157;9,550501219777107;1,330000000000001;4,119999999999957;4,119999999999957;175,10886470109358;460,8988011008786;184,42519707305613;468,763700704893
Time;0,7000000000000002;7,269999999999845;12,175432821273144;9,370986772220371;1,340000000000001;4,129999999999956;4,129999999999956;174,17617700666716;460,69225187356074;183,51298284431758;468,59583143924715
;;;12,467698065844429;9,286621439610984;1,350000000000001;4,139999999999956;4,139999999999956;173,2634835743696;460,49108390531086;182,61452495947916;468,4353565679695
;;;12,813923418874541;9,295626241419104;1,360000000000001;4,149999999999956;4,149999999999956;172,37035665434937;460,2949101891639;181,72908251238368;468,282104833203
;;;13,20566984374412;9,393750285989416;1,370000000000001;4,159999999999956;4,159999999999956;171,496359169517;460,1033563061052;180,85597324308935;468,13590058278083
;;;13,635187598917174;9,57464463393754;1,380000000000001;4,1699999999999555;4,1699999999999555;170,64104288240424;459,9160608372815;179,9945736575517;467,9965635425788
;;;13,437590163011668;8,982081993418669;1,390000000000001;4,179999999999955;4,179999999999955;169,80394702133515;458,752675764892;179,1443186460082;466,8839086315096
;;;13,389761075757171;7,9952584113762795;1,400000000000001;4,189999999999955;4,189999999999955;168,98459737781684;457,61226685929114;179,28470061701745;465,79714581935156
;;;13,484224885932269;7,066078848221649;1,410000000000001;4,199999999999955;4,199999999999955;168,18250587875653;456,49393204990406;179,41586817093025;464,73549802746686
;;;12,814664497780829;6,206293366060767;1,420000000000001;4,209999999999955;4,209999999999955;168,37717062879295;455,3968012376306;179,53800634269808;463,6982005323201
;;;12,220387512315726;5,433669517301873;1,430000000000001;4,2199999999999545;4,2199999999999545;168,56867640985743;454,32003610269777;179,65133498926195;462,68450042776743
;;;11,70680839069674;4,7743373102546585;1,440000000000001;4,229999999999954;4,229999999999954;168,75707761721245;453,2628299053279;179,75610680503863;461,6936561452567
;;;11,279117975814245;4,2639148358960295;1,450000000000001;4,239999999999954;4,239999999999954;168,94240014380617;452,2244072767005;179,85260500925864;460,72493703095324
;;;10,941802874332181;3,9431175852420868;1,460000000000001;4,249999999999954;4,249999999999954;169,1246436217728;451,2040239978078;179,9411407514968;459,77762297867827
;;;9,718294159856544;3,842914206736012;1,470000000000001;4,259999999999954;4,259999999999954;170,28378398051495;450,2009667639287;180,02205028335405;458,8510041174221
;;;8,615501746782442;3,0545466077495176;1,480000000000001;4,269999999999953;4,269999999999953;171,42037627555314;449,21455293257924;181,07569194491248;457,94438055207036
;;;7,668781082005867;2,553550877547672;1,490000000000001;4,279999999999953;4,279999999999953;172,53493973801542;448,24413025293165;182,10304301431862;457,05706215586014
;;;6,92473682266277;1,573224616367229;1,500000000000001;4,289999999999953;4,289999999999953;173,62796153134144;447,28907657484075;183,10507846770557;457,1683684129645
;;;6,436017281246256;0,6970441876624561;1,5100000000000011;4,299999999999953;4,299999999999953;174,6999006033446;446,34879953575904;184,0827682347047;457,278228309488
;;;6,245295564491236;0,6405987516047893;1,5200000000000011;4,3099999999999525;4,3099999999999525;175,75119157733025;445,4227362239757;185,03707443590872;457,3865622710447
;;;6,3631871025220175;1,3383326716617665;1,5300000000000011;4,319999999999952;4,319999999999952;176,78224862593015;444,51035281676735;185,96894864200834;457,4932826849829
;;;6,784188450814124;1,367517272226321;1,5400000000000011;4,329999999999952;4,329999999999952;177,89346927236744;443,55114419220746;185,8993291904579;457,5982944490181
;;;7,206241290053786;1,285650964822151;1,5500000000000012;4,339999999999952;4,339999999999952;179,06223806597956;442,5864335135408;185,8285385912469;457,7014955446244
;;;7,277944728361935;1,2103476129200172;1,5600000000000012;4,349999999999952;4,349999999999952;181,24662008193556;441,5963177851925;185,7568990487854;457,8027776334275
;;;7,381824973519561;1,1428619958602766;1,5700000000000012;4,3599999999999515;4,3599999999999515;183,42594349911494;440,58150499964563;185,68472958217757;457,90202667474523
;;;7,4983736701559245;1,0844876026674448;1,5800000000000012;4,369999999999951;4,369999999999951;185,60016453596754;439,5626961259859;185,61234331758044;457,99912356232403
;;;7,628695787184941;1,036462026441373;1,5900000000000012;4,379999999999951;4,379999999999951;187,8692512301076;438,4599855935377;185,54004496496194;458,0939447782383
;;;7,769010795192948;1,6232528732165379;1,6000000000000012;4,389999999999951;4,389999999999951;190,15018545790096;437,35587971456374;185,4681284870806;459,1663630618391
;;;7,537329610719184;1,806199890026786;1,6100000000000012;4,399999999999951;4,399999999999951;193,4224546141278;436,2504245068417;185,3968749643167;460,1568480915668
;;;7,325294610875396;2,418541733444867;1,6200000000000012;4,40999999999995;4,40999999999995;196,70617823541252;435,1236796332659;185,34655065518376;461,1276491773833
;;;7,086291967295636;3,1609096666172514;1,6300000000000012;4,41999999999995;4,41999999999995;200,00089049917528;433,9963180742753;185,2968052490208;462,0391425015211
;;;7,371446797270709;3,9586036229852644;1,6400000000000012;4,42999999999995;4,42999999999995;204,30615890869683;431,88840776059965;185,24788830457567;462,9328879690033
;;;7,662125963119297;3,8331006201764546;1,6500000000000012;4,43999999999995;4,43999999999995;208,6015840724304;429,7994297071648;185,22002932598892;462,80919437743694
;;;7,922791188358977;3,7105891774479423;1,6600000000000013;4,4499999999999496;4,4499999999999496;212,94739914523254;427,6888955529406;185,19283656230317;462,68835765419635
;;;8,218240448459296;3,5908532151881767;1,6700000000000013;4,459999999999949;4,459999999999949;217,28205094871782;425,5775465245481;185,16651396278857;462,5700619665782
;;;8,092605551481729;3,436597625314197;1,6800000000000013;4,469999999999949;4,469999999999949;222,56585333363452;423,50551638107777;185,1412417367524;462,41399881625927
;;;7,955446466249949;3,2860621368580327;1,6900000000000013;4,479999999999949;4,479999999999949;227,88033063600264;421,43174942102246;185,11717560298555;462,2610675759741
;;;7,855412839901813;3,147054049108706;1,7000000000000013;4,489999999999949;4,489999999999949;233,12458054834005;419,3564358999733;185,11444616196047;462,11094002252383
;;;7,396976335589703;2,993591900371774;1,7100000000000013;4,4999999999999485;4,4999999999999485;239,3007458521154;417,279774337437;185,11255838195729;461,9432979435513
;;;6,930505264253806;1,968356967779759;1,7200000000000013;4,509999999999948;4,509999999999948;245,45092177786358;415,2219709069523;185,111609192095;460,73843362314426
;;;6,47490078370939;1,321539973603578;1,7300000000000013;4,519999999999948;4,519999999999948;251,57595595926074;413,16263879802403;185,1316686374039;459,5372323171424
;;;6,019492066067293;0,8294758604588944;1,7400000000000013;4,529999999999948;4,529999999999948;257,65668424045;411,1220155518992;185,1921796897028;458,3193552556672
;;;5,578781183547181;0,7186978736316024;1,7500000000000013;4,539999999999948;4,539999999999948;263,75452929922267;409,05974383331085;185,25197615775147;457,08507715425264
;;;5,1574502677083665;0,5157317311733447;1,7600000000000013;4,549999999999947;4,549999999999947;269,76908123998174;407,0166887366025;185,31110015950617;455,85466859550644
;;;4,735826467950619;1,288912921234736;1,7700000000000014;4,559999999999947;4,559999999999947;275,76295073512625;404,99250053184767;185,3695651781171;453,66779693237305
;;;5,18101893607729;1,9835551539669571;1,7800000000000014;4,569999999999947;4,569999999999947;281,77687657463485;401,98685048955195;185,44735634528178;451,5029451545547
;;;5,617369448123609;2,8209844274461155;1,7900000000000014;4,579999999999947;4,579999999999947;287,75038002555874;399,01942959350714;185,52383084870448;449,3792481764187
;;;5,174642263882097;3,6498289543991564;1,8000000000000014;4,589999999999947;4,589999999999947;293,6247996281131;397,06934725721254;185,63893647567164;447,29527402100524
;;;4,89541597292152;4,477046343455502;1,8100000000000014;4,599999999999946;4,599999999999946;299,443235042677;395,13634804593994;185,75139376617298;445,2496415505525
;;;8,561102630467625;5,260481227446922;1,8200000000000014;4,609999999999946;4,609999999999946;305,2274926995019;393,22019186657514;185,86113288610673;443,24101964449557
;;;13,967029382653465;6,003561415806675;1,8300000000000014;4,619999999999946;4,619999999999946;310,95872321590736;391,3406527236149;185,96805759855266;441,2681263789312
;;;18,832874875984118;6,73075256421942;1,8400000000000014;4,629999999999946;4,629999999999946;315,6186398420563;389,47691748684804;186,09204653990778;439,32972820498924
;;;23,705815366910954;6,582422625941062;1,8500000000000014;4,6399999999999455;4,6399999999999455;320,20950051369067;387,60880267297756;187,19235470096265;437,4246391237106
;;;28,558814814095427;6,467141385730766;1,8600000000000014;4,649999999999945;4,649999999999945;324,75349060795406;385,7567347034563;188,26943312478733;435,55171985519365
;;;32,507412444008786;6,293766937996286;1,8700000000000014;4,659999999999945;4,659999999999945;328,2521243807555;383,9205307370169;189,3236942910232;433,70987699993384
;;;36,40081157486123;6,16043956514669;1,8800000000000014;4,669999999999945;4,669999999999945;331,7068645202082;382,1200160624873;190,37551482946841;431,8780621904526
;;;38,89110873421511;6,04983199514544;1,8900000000000015;4,679999999999945;4,679999999999945;334,11912326342235;381,3344229579706;191,42463845325418;430,0758712314809
;;;41,34383496126283;5,451531754012441;1,9000000000000015;4,689999999999944;4,689999999999944;336,4902636167309;380,5636075753337;192,4507971112587;429,26232522713764
;;;42,901453517257245;5,149173376440947;1,9100000000000015;4,699999999999944;4,699999999999944;337,8416006599853;379,78743031221455;193,4543138148931;428,43768823371767
;;;43,5736201758903;5,15894865173012;1,9200000000000015;4,709999999999944;4,709999999999944;338,19380291350234;379,0263547699191;194,45548768571496;427,6222303406825
;;;43,77216600624719;5,480452740180638;1,9300000000000015;4,719999999999944;4,719999999999944;338,5469117449237;379,2602287426422;195,43399774849885;426,8156278155093
;;;43,11240846571039;6,047554784889059;1,9400000000000015;4,729999999999944;4,729999999999944;337,92096025267915;379,4895017800887;196,4101248929174;426,01758119913103
;;;41,614379443572595;5,8151978349682825;1,9500000000000015;4,739999999999943;4,739999999999943;336,3353736191258;379,7146062293044;197,36353743837125;426,20781481225305
;;;40,177499123506934;5,74689414718641;1,9600000000000015;4,749999999999943;4,749999999999943;334,8089874668639;379,9359568543349;198,29451336749273;426,38667622917717
;;;37,94397881421906;5,836390729901672;1,9700000000000015;4,759999999999943;4,759999999999943;332,3400656566695;380,153950479347;199,20332609598046;426,5545177192278
;;;35,26303269053118;6,06567258841044;1,9800000000000015;4,769999999999943;4,769999999999943;329,926917523964;381,34896565744066;200,09024883470295;426,71169619603654
;;;31,818203007240452;6,4097899743326785;1,9900000000000015;4,7799999999999425;4,7799999999999425;326,58789655310756;382,5219623672674;200,95555894299076;426,8585731189006
;;;28,46756738243329;7,147685646923658;2,0000000000000013;4,789999999999942;5,259999999999932;323,32079903166533;383,67386373944964;200,69341810117675;442,4711612327024
;;;25,19962406258323;7,490000215241135;2,010000000000001;4,799999999999942;5,269999999999932;320,10348067386394;384,8055563546702;200,6948163890202;441,577883204659
;;;;7,869287941038946;;4,809999999999942;5,279999999999932;;;200,70182544810166;440,70659766266476
;;;;8,191285294519211;;4,819999999999942;5,289999999999932;;;200,7139665009629;439,85671213626665
;;;;8,542975663171116;;4,8299999999999415;5,299999999999931;;;200,73074435036165;439,02763550383503
;;;;8,464842815417466;;4,839999999999941;5,309999999999931;;;200,75165269289948;439,1987778000212
;;;;8,360464816469298;;4,849999999999941;5,319999999999931;;;200,77617941345292;439,3701500812644
;;;;8,254121714492666;;4,859999999999941;5,329999999999931;;;200,80381179209525;439,54174634792844
;;;;8,147694467393542;;4,869999999999941;5,339999999999931;;;200,83404155876497;439,7135440615162
;;;;8,04168682367339;;4,87999999999994;5,34999999999993;;;200,86636973547408;439,8855046990756
;;;;7,936613890286302;;4,88999999999994;5,35999999999993;;;200,9003112112412;440,0575743434742
;;;;7,44656681403629;;4,89999999999994;5,36999999999993;;;200,9353990010607;441,20968430807716
;;;;6,9315858503161785;;4,90999999999994;5,37999999999993;;;200,97118814693832;442,3423517942386
;;;;6,421844777478679;;4,9199999999999395;5,3899999999999295;;;201,00725922619355;443,4560625798833
;;;;5,059924538374244;;4,929999999999939;5,399999999999929;;;202,02322143969803;444,5512722773438
;;;;3,7252783210316545;;4,939999999999939;5,409999999999929;;;203,01931526033292;445,6284076022998
;;;;2,355937798319771;;4,949999999999939;5,419999999999929;;;203,9957966295563;446,6878676522506
;;;;2,027390252426657;;4,959999999999939;5,429999999999929;;;203,9729392374257;447,7300251928389
;;;;1,5753629352918859;;4,9699999999999385;5,4399999999999284;;;203,95043633237938;448,7552279502376
;;;;1,1649097133205404;;4,979999999999938;5,449999999999928;;;203,9280200705013;449,7637999077196
;;;;0,9801412169239079;;4,989999999999938;5,459999999999928;;;203,90546188017288;450,75604260444
;;;;1,5794490580698304;;4,999999999999938;5,469999999999928;;;203,88257241974955;451,7322364343854
;;;;2,422076900776568;;5,009999999999938;5,479999999999928;;;203,85920115402106;452,6926419433746
;;;;3,3146511091050077;;5,019999999999937;5,489999999999927;;;203,8352355792415;453,63750112193696
;;;;4,210575668423041;;5,029999999999937;5,499999999999927;;;203,83060012969995;454,5670386918443
;;;;5,041176356100561;;5,039999999999937;5,509999999999927;;;203,84465480112215;455,42146338403455
;;;;5,777238168737469;;5,049999999999937;5,519999999999927;;;203,9168115276364;456,18276920563176
;;;;6,360820255158205;;5,0599999999999365;5,5299999999999265;;;204,06533180962512;456,7934826937505
;;;;5,868242742603817;;5,069999999999936;5,539999999999926;;;205,20796018574345;456,33784777375956
;;;;5,567950777806103;;5,079999999999936;5,549999999999926;;;206,3649385046903;455,8375750910808
;;;;4,661475269699381;;5,089999999999936;5,559999999999926;;;207,55592960301684;454,2737188794646
;;;;4,500992834034544;;5,099999999999936;5,569999999999926;;;208,78003313576406;452,6678975367465
;;;;4,558206410611995;;5,1099999999999355;5,5799999999999255;;;210,01640082241803;450,0610775939158
;;;;5,456154021372383;;5,119999999999935;5,589999999999925;;;212,20483315039283;447,4929941727241
;;;;5,95407144333899;;5,129999999999935;5,599999999999925;;;214,34695811417438;444,0021888341836
;;;;6,428876109756782;;5,139999999999935;5,609999999999925;;;216,46437454780664;440,58604629322474
;;;;6,507186851506425;;5,149999999999935;5,619999999999925;;;218,53805112837782;436,2620300305247
;;;;6,5857711986864125;;5,159999999999934;5,629999999999924;;;220,56954339246786;432,0270808316008
;;;;6,671297817228738;;5,169999999999934;5,639999999999924;;;222,56037423393383;427,8982333623786
;;;;7,378880752671026;;5,179999999999934;5,649999999999924;;;224,4920329841821;422,91201423720213
;;;;2,1461894051526618;;5,189999999999934;7,23999999999989;;;222,70743224448177;441,9685536083997
;;;;2,149333790475666;;5,199999999999934;7,24999999999989;;;222,70991852983255;441,910508870311
;;;;2,1522171837608854;;5,209999999999933;7,25999999999989;;;222,713637840689;441,856894519123
;;;;2,154687499098836;;5,219999999999933;7,269999999999889;;;222,71842513199135;441,8076584148074
;;;;2,1566392413014217;;5,229999999999933;7,279999999999889;;;222,7241022747438;441,7627412842717
;;;;2,158008891136051;;5,239999999999933;7,289999999999889;;;222,7304809603112;441,7220765031201
;;;;2,158770206626823;;5,2499999999999325;7,299999999999889;;;222,73736578316513;441,685589916165
;;;;2,1589295493221603;;5,259999999999932;7,309999999999889;;;222,74455745831332;441,6531996972722
;;;;2,158521308333814;;5,269999999999932;7,319999999999888;;;222,75185612577576;441,62481624898163
;;;;2,1576034660696655;;5,279999999999932;7,329999999999888;;;222,75906469142583;441,6003421422049
;;;;2,1562533270565885;;5,289999999999932;7,339999999999888;;;222,76599215138066;441,57967209615833
;;;;2,1545634143371117;;5,299999999999931;7,349999999999888;;;222,77245684596372;441,5626929985456
;;;;2,15263752609368;;5,309999999999931;7,3599999999998875;;;222,77828958912488;441,54928396585916
;;;;2,1505869380939093;;5,319999999999931;7,369999999999887;;;222,7833366201068;441,53931644352576
;;;;2,148526735083896;;5,329999999999931;7,379999999999887;;;222,78746232610018;441,5326543454765
;;;;2,1646168832138915;;5,339999999999931;7,389999999999887;;;222,79055168760914;441,4691542325789
;;;;2,184229678927777;;5,34999999999993;7,399999999999887;;;222,81251240221476;441,3504655292273
;;;;2,207950230317824;;5,35999999999993;7,4099999999998865;;;222,85267664731234;441,198176777248
;;;;2,2335053889815293;;5,36999999999993;7,419999999999886;;;222,91042044812528;441,03321754613904
;;;;2,304597153905988;;5,37999999999993;7,429999999999886;;;222,96516408376485;440,8158783299309
;;;;2,7223498398314083;;5,3899999999999295;7,439999999999886;;;223,01697206738822;439,6076298908824
;;;;2,2964418389669707;;5,399999999999929;7,449999999999886;;;224,04593468739247;438,3880880662565
;;;;1,895396513228002;;5,409999999999929;7,459999999999885;;;225,05276764450923;437,1574696737708
;;;;1,5185405474698181;;5,419999999999929;7,469999999999885;;;226,03819323158055;435,91597478208917
;;;;1,7299464218101055;;5,429999999999929;7,479999999999885;;;227,0029396076295;433,703787554571
;;;;1,610696199513324;;5,4399999999999284;7,489999999999885;;;227,94773962964126;431,53987710809145
;;;;2,5767808191264554;;5,449999999999928;7,4999999999998845;;;227,89332926987004;429,4226343853387
;;;;3,5318432370224118;;5,459999999999928;7,509999999999884;;;227,83984565374422;427,3504899588933
;;;;4,391328725891523;;5,469999999999928;7,519999999999884;;;227,7874427601101;425,3019133376992
;;;;5,257485980105328;;5,479999999999928;7,529999999999884;;;227,73628829149843;423,27601232927873
;;;;6,124136213468788;;5,489999999999927;7,539999999999884;;;227,68656032339487;421,2919144543071
;;;;6,989614175568482;;5,499999999999927;7,5499999999998835;;;227,63844378895925;419,3281669501365
;;;;7,840606373938663;;5,509999999999927;7,559999999999883;;;227,59212685876065;417,4039548036358
;;;;8,683796791022344;;5,519999999999927;7,569999999999883;;;227,54779727712042;415,49788227038954
;;;;9,500646939143092;;5,5299999999999265;7,579999999999883;;;227,5256387175301;413,60919097347534
;;;;10,29674274530967;;5,539999999999926;7,589999999999883;;;227,5052272193217;411,7571414821447
;;;;11,078998350083173;;5,549999999999926;7,599999999999882;;;227,4867457663155;409,9404134636267
;;;;12,0638128907037;;5,559999999999926;7,609999999999882;;;227,47036252558053;408,1577238483944
;;;;12,549137240315398;;5,569999999999926;7,619999999999882;;;227,45622789696915;407,38782646594626
;;;;13,065313734699856;;5,5799999999999255;7,629999999999882;;;227,4444718665104;406,6101117043774
;;;;13,596089725176496;;5,589999999999925;7,6399999999998816;;;227,4352017078363;405,84458819035797
;;;;14,152731364621253;;5,599999999999925;7,649999999999881;;;227,42850006939258;405,0706650261902
;;;;13,99820192652806;;5,609999999999925;7,659999999999881;;;227,4244234780777;405,2883705644759
;;;;13,849440639073627;;5,619999999999925;7,669999999999881;;;227,42300128230488;405,4977346214811
;;;;13,706228571848683;;5,629999999999924;7,679999999999881;;;227,4242350494399;405,6987892232345
;;;;13,568006520901832;;5,639999999999924;7,6899999999998805;;;227,4480984242935;405,8715693255632
;;;;13,434496823833598;;5,649999999999924;7,69999999999988;;;227,47393744700452;406,0367135060374
;;;;12,651047714996556;;5,659999999999924;7,70999999999988;;;227,50168932039955;407,17424662586575
;;;;11,93932034426148;;5,6699999999999235;7,71999999999988;;;227,53126506892258;408,28479899986246
;;;;11,30469419981037;;5,679999999999923;7,72999999999988;;;227,56255115984538;409,3689889764976
;;;;10,752705607506256;;5,689999999999923;7,739999999999879;;;227,59541149755654;410,42742402301934
;;;;10,288641682716722;;5,699999999999923;7,749999999999879;;;227,62968975209282;411,4607017578406
;;;;9,828234187892184;;5,709999999999923;7,759999999999879;;;227,66521197754946;412,46941092917587
;;;;9,405467754113731;;5,7199999999999225;7,769999999999879;;;227,70178947138834;413,4541323390161
;;;;8,946466414094207;;5,729999999999922;7,779999999999879;;;227,73922182203916;414,4154397116329
;;;;8,552248486279352;;5,739999999999922;7,789999999999878;;;227,7773000896164;415,3539005059201
;;;;8,10305486643191;;5,749999999999922;7,799999999999878;;;227,81581006309494;416,27007667099315
;;;;7,7241126475839845;;5,759999999999922;7,809999999999878;;;227,85453553691374;417,1645253445943
;;;;7,295122526591354;;5,769999999999921;7,819999999999878;;;227,89326155070503;418,03779949397347
;;;;6,9384920465092605;;5,779999999999921;7,8299999999998775;;;227,93177753764328;418,8904484990481
;;;;6,966422370856985;;5,789999999999921;7,839999999999877;;;227,9698803297251;418,7430186777784
;;;;0,5627569062579855;;5,799999999999921;8,519999999999863;;;247,66774276211999;428,6864647125581
;;;;1,8629776990734537;;5,809999999999921;8,529999999999863;;;248,6429432210626;429,7713136067832
;;;;3,0766861542994057;;5,81999999999992;8,539999999999862;;;249,59795103360142;430,83969819674513
;;;;4,398298103820717;;5,82999999999992;8,549999999999862;;;250,53315569729773;431,8919847134598
;;;;5,648955641919296;;5,83999999999992;8,559999999999862;;;251,44893794320677;432,92851339994326
;;;;6,872209596190878;;5,84999999999992;8,569999999999862;;;252,34567248937776;433,9495997416244
;;;;8,114934995541613;;5,8599999999999195;8,579999999999862;;;253,2237307763388;434,95553570476756
;;;;9,291475774833975;;5,869999999999919;8,589999999999861;;;254,08348364281733;435,9465909809882
;;;;10,458190473950719;;5,879999999999919;8,599999999999861;;;254,9253038985949;436,92301423585786
;;;;10,725980097671366;;5,889999999999919;8,60999999999986;;;254,76956875095;437,88503435951645
;;;;10,983580909000493;;5,899999999999919;8,61999999999986;;;254,61606204164553;438,8328617171427
;;;;11,311396282593538;;5,909999999999918;8,62999999999986;;;254,4645942528844;439,7666893970722
;;;;11,700069952873635;;5,919999999999918;8,63999999999986;;;254,31500370307168;440,6866944543055
;;;;12,140550341602845;;5,929999999999918;8,64999999999986;;;254,16715745277253;441,5930391471063
;;;;12,624440863780029;;5,939999999999918;8,65999999999986;;;254,0209518887877;442,48587216436067
;;;;13,144189442892012;;5,949999999999918;8,66999999999986;;;253,8763129593176;443,36532984134703
;;;;13,078389197369555;;5,959999999999917;8,67999999999986;;;252,75319603895008;444,2315373615569
;;;;13,165487805352251;;5,969999999999917;8,68999999999986;;;251,65098540858486;445,0846099422032
;;;;13,394689194220243;;5,979999999999917;8,699999999999859;;;250,5691113422812;445,92465400106363
;;;;12,833927950800483;;5,989999999999917;8,709999999999859;;;249,50704826024503;445,77176830232384
;;;;12,333970586512894;;5,9999999999999165;8,719999999999859;;;248,46431251081816;445,6054450791124
;;;;11,917489489611041;;6,009999999999916;8,729999999999858;;;247,44045979515968;445,44578913045837
;;;;11,56784292777949;;6,019999999999916;8,739999999999858;;;246,43508225574715;445,27230035044596
;;;;11,287037031399365;;6,029999999999916;8,749999999999858;;;245,44780525701967;445,08509278359895
;;;;11,056296203804468;;6,039999999999916;8,759999999999858;;;244,47828389328615;444,8642771077031
;;;;9,94444898302046;;6,0499999999999154;8,769999999999857;;;243,52619926527947;443,67056163824907
;;;;8,894102203776246;;6,059999999999915;8,779999999999857;;;242,61125457232188;442,42283529587223
;;;;8,025373572270647;;6,069999999999915;8,789999999999857;;;241,7125710718488;441,2024230749547
;;;;7,293348729174031;;6,079999999999915;8,799999999999857;;;240,86990196191257;439,9282138354495
;;;;6,151989651222579;;6,089999999999915;8,809999999999857;;;240,06180970516257;437,6815342453753
;;;;4,840355208712084;;6,099999999999914;8,819999999999856;;;240,28749795080122;435,44127648666677
;;;;4,368166503382656;;6,109999999999914;8,829999999999856;;;240,52618847881175;433,16697210875435
;;;;4,957455721542451;;6,119999999999914;8,839999999999856;;;240,7577168793885;430,93937364279475
;;;;6,0683687104529245;;6,129999999999914;8,849999999999856;;;241,00251046930816;427,7568187411739
;;;;6,237810519354165;;6,1399999999999135;8,859999999999856;;;242,22036704094154;424,63770336406174
;;;;6,418848969734524;;6,149999999999913;8,869999999999855;;;243,41227047957483;421,5798807392504
;;;;6,6050858993051635;;6,159999999999913;8,879999999999855;;;244,57915220033576;418,58127831983217
;;;;6,792834287987218;;6,169999999999913;8,889999999999855;;;245,72189008309118;415,6398961976589
;;;;6,980580527409047;;6,179999999999913;8,899999999999855;;;246,84130782793343;412,7538055269129
;;;;7,157732824978873;;6,1899999999999125;8,909999999999854;;;247,95817475988235;409,9011469556244
;;;;7,351216609617617;;6,199999999999912;8,919999999999854;;;249,0526061034655;407,0607290631758
;;;;6,259135820000472;;6,209999999999912;8,929999999999854;;;251,12528173945083;405,232008802038
;;;;5,366270411423028;;6,219999999999912;8,939999999999854;;;253,19682890735334;403,39447248218966
;;;;5,78145526254072;;6,229999999999912;8,949999999999854;;;255,22722394478546;401,56823528066957
;;;;7,247464917566016;;6,239999999999911;8,959999999999853;;;257,2776124931499;399,77282271940317
;;;;9,261124357688717;;6,249999999999911;8,969999999999853;;;259,28727560742465;398,0071886513099
;;;;10,595734998464476;;6,259999999999911;8,979999999999853;;;261,2572873759327;397,2503326586675
;;;;12,125728340646575;;6,269999999999911;8,989999999999853;;;263,1886632793978;396,5018988807569
;;;;13,76940907517597;;6,2799999999999105;8,999999999999853;;;265,08236453375804;395,7615568274727
;;;;15,476458781167004;;6,28999999999991;9,009999999999852;;;266,9393026965433;395,0290007190546
;;;;15,831592140416122;;6,29999999999991;9,019999999999852;;;267,78034448164703;395,28394879606407
;;;;16,224137075530063;;6,30999999999991;9,029999999999852;;;268,60571672327484;395,52674260057717
;;;;16,64850649406584;;6,31999999999991;9,039999999999852;;;269,41562942689785;395,7577282297087
;;;;17,099581200527467;;6,3299999999999095;9,049999999999851;;;270,21028030324294;395,9772561027185
;;;;17,572736455336827;;6,339999999999909;9,059999999999851;;;270,9898592769234;396,18568068688205
;;;;16,6960920326446;;6,349999999999909;9,069999999999851;;;270,77455290518935;397,36336018411765
;;;;15,881324894344557;;6,359999999999909;9,07999999999985;;;270,56394864400795;398,51125618046495
;;;;15,130654006170904;;6,369999999999909;9,08999999999985;;;270,3576569015387;399,6303152606074
;;;;14,446451992818044;;6,379999999999908;9,09999999999985;;;270,155314282972;400,7214691297177
;;;;13,831149233445684;;6,389999999999908;9,10999999999985;;;269,9565865317744;401,78563468878946
;;;;12,361110237593191;;6,399999999999908;9,11999999999985;;;268,7811711214389;402,8237140663769
;;;;10,947202842326758;;6,409999999999908;9,12999999999985;;;267,628199458332;403,83659460971563
;;;;9,597178799024581;;6,419999999999908;9,13999999999985;;;266,4968566633422;404,82514883824166
;;;;8,32376625563547;;6,429999999999907;9,14999999999985;;;265,3863823676048;405,79023436256085
;;;;14,222304996422972;;6,439999999999907;9,659999999999838;;;273,20013616063875;436,99097943304446
;;;;13,184088735807064;;6,449999999999907;9,669999999999838;;;273,10140108989617;435,760413618506
;;;;12,208230678675568;;6,459999999999907;9,679999999999838;;;273,0086149630578;434,55904686580516
;;;;11,300406382885921;;6,4699999999999065;9,689999999999838;;;272,92129996442293;433,3859067746061
;;;;9,739994674753746;;6,479999999999906;9,699999999999838;;;271,85897848734794;432,240043364587
;;;;8,215874626847677;;6,489999999999906;9,709999999999837;;;270,8205748430004;431,12052894520065
;;;;6,7270937213323165;;6,499999999999906;9,719999999999837;;;269,8050351167238;430,02645801025943
;;;;5,273179688791706;;6,509999999999906;9,729999999999837;;;268,81132863100567;428,95694715427425
;;;;3,325266088826409;;6,519999999999905;9,739999999999837;;;267,83844956602803;426,93113500750377
;;;;1,6448402815487841;;6,529999999999905;9,749999999999837;;;266,8854187275961;424,9475821867086
;;;;0,39373805523793526;;6,539999999999905;9,759999999999836;;;265,9512854475863;423,00488925864715
;;;;1,2486916751970472;;6,549999999999905;9,769999999999836;;;265,0351295973456;422,08169617340417
;;;;1,6749892409743043;;6,559999999999905;9,779999999999836;;;265,11606368983837;421,17728172090176
;;;;1,861679122678878;;6,569999999999904;9,789999999999836;;;265,1938350418963;420,2909450073269
;;;;2,2088971519050435;;6,579999999999904;9,799999999999836;;;265,2682099638105;419,4220054882978
;;;;2,452649205585982;;6,589999999999904;9,809999999999835;;;265,3389764798335;418,569802999491
;;;;2,7679516637396513;;6,599999999999904;9,819999999999835;;;265,4059469838428;417,73369778223906
;;;;3,0237867995095815;;6,6099999999999035;9,829999999999835;;;265,4689607886515;416,9130705017083
;;;;3,332117343983887;;6,619999999999903;9,839999999999835;;;265,5278865257358;416,10732225536464
;;;;3,232152533150025;;6,629999999999903;9,849999999999834;;;265,5826243512656;416,29587456954863
;;;;3,133236983081528;;6,639999999999903;9,859999999999834;;;265,63310791432735;416,4787693820935
;;;;2,9887349592650003;;6,649999999999903;9,869999999999834;;;265,67930604416017;416,65605100904264
;;;;2,85535301509054;;6,659999999999902;9,879999999999834;;;265,7212241151111;416,8277666336475
;;;;2,7334100977070417;;6,669999999999902;9,889999999999834;;;265,7589050508429;416,9939667597588
;;;;2,6183591985573473;;6,679999999999902;9,899999999999833;;;265,8324299330865;417,094705628545
;;;;2,121894690591422;;6,689999999999902;9,909999999999833;;;266,0007181848719;418,0318415975965
;;;;0,9835373471919662;;6,699999999999902;9,919999999999833;;;267,1809633036301;418,8901834816029
;;;;0,40333737280713833;;6,709999999999901;9,929999999999833;;;268,372885045754;418,71200247392204
;;;;1,4752523660463164;;6,719999999999901;9,939999999999833;;;269,5562535434402;418,53830867989484
;;;;2,4172538011798537;;6,729999999999901;9,949999999999832;;;270,7514871772048;418,3488893219556
;;;;3,378420656648593;;6,739999999999901;9,959999999999832;;;271,9184319803731;418,1441457649116
;;;;4,352200262405315;;6,7499999999999005;9,969999999999832;;;273,0781771266304;417,90447539544874
;;;;5,742276771034042;;6,7599999999999;9,979999999999832;;;275,2112154236002;416,67087200903296
;;;;7,13479168822849;;6,7699999999999;9,989999999999831;;;277,2986584763094;415,4431081479281
;;;;8,499621538294747;;6,7799999999999;9,999999999999831;;;279,3422149030869;414,20097193088014
;;;;9,783169959320983;;6,7899999999999;10,009999999999831;;;281,3435687434154;412,9848667389547
;;;;10,68213934442803;;6,7999999999998995;10,01999999999983;;;283,32437609121126;410,79399287122993
;;;;11,542112324037372;;6,809999999999899;10,02999999999983;;;285,2656614536685;408,64758371079137
;;;;12,381964557658877;;6,819999999999899;10,03999999999983;;;287,1690318978374;406,54430476541694
;;;;13,22088402641586;;6,829999999999899;10,04999999999983;;;289,03605451151316;404,48287069656806
;;;;14,224774813868347;;6,839999999999899;10,05999999999983;;;290,86825234457933;402,4620437970499
;;;;14,64365225209116;;6,849999999999898;10,06999999999983;;;291,68710034631783;400,48063247405196
;;;;15,340293110544842;;6,859999999999898;10,07999999999983;;;292,4934213719725;398,5374897377373
;;;;16,2644222708502;;6,869999999999898;10,08999999999983;;;293,288000331707;396,6315116956964
;;;;17,366909522102834;;6,879999999999898;10,09999999999983;;;294,07158001371454;394,7616360537307
;;;;18,604800655860338;;6,8899999999998975;10,109999999999829;;;294,84485720682505;392,92684062356483
;;;;19,039766394473816;;6,899999999999897;10,119999999999829;;;294,6284791874617;391,12614183822103
;;;;19,180246138955447;;6,909999999999897;10,129999999999828;;;294,42244063086054;390,3385932759104
;;;;19,356999507112587;;6,919999999999897;10,139999999999828;;;294,226699000464;389,56388419341187
;;;;19,567287339192298;;6,929999999999897;10,149999999999828;;;294,0411719224331;388,8017200700198
;;;;2,4350541482463925;;6,9399999999998965;10,599999999999818;;;288,8385800564411;414,0113559456983
;;;;1,5950466922845856;;6,949999999999896;10,609999999999818;;;287,78396883112885;414,0852578026523
;;;;0,742249852028975;;6,959999999999896;10,619999999999818;;;286,7476465985687;414,1583772152264
;;;;0,33757992304901585;;6,969999999999896;10,629999999999818;;;285,72934909148705;414,2305790555812
;;;;1,309432255686833;;6,979999999999896;10,639999999999818;;;284,72882736330473;414,3017231547271
;;;;2,19078895376131;;6,989999999999895;10,649999999999817;;;283,7458444959239;414,37166490751287
;;;;2,970008447379454;;6,999999999999895;10,659999999999817;;;282,78017250433675;414,4402558962089
;;;;3,8205880691283287;;7,009999999999895;10,669999999999817;;;281,8315894468058;414,507344530573
;;;;4,6938118614651065;;7,019999999999895;10,679999999999817;;;280,89987674508234;414,57277670221384
;;;;5,4715553366723295;;7,0299999999998946;10,689999999999817;;;279,98481671520693;414,6363964510026
;;;;6,2591283508772655;;7,039999999999894;10,699999999999816;;;279,08619030596327;414,6980466412272
;;;;6,146055194873349;;7,049999999999894;10,709999999999816;;;279,1837750391025;414,75756964513533
;;;;6,037062464060741;;7,059999999999894;10,719999999999816;;;279,27794314307283;414,8148080314734
;;;;5,931885705679797;;7,069999999999894;10,729999999999816;;;279,36904187022105;414,86960525659765
;;;;5,830280903990837;;7,0799999999998935;10,739999999999815;;;279,4573925262911;414,92180635571276
;;;;5,732025491436461;;7,089999999999893;10,749999999999815;;;279,5432896443366;414,97125863177894
;;;;5,6369193998385905;;7,099999999999893;10,759999999999815;;;279,6270002919559;415,01781233962595
;;;;5,255118354306725;;7,109999999999893;10,769999999999815;;;279,7087635014284;416,04132136281805
;;;;5,058457899280217;;7,119999999999893;10,779999999999815;;;279,7887898135345;417,0422438808267
;;;;5,054951301209249;;7,129999999999892;10,789999999999814;;;279,8672609275037;418,02102502409235
;;;;5,232514340998956;;7,139999999999892;10,799999999999814;;;279,94432945159133;418,9780980545887
;;;;5,146068107648966;;7,149999999999892;10,809999999999814;;;280,0201187511316;418,9338855133431
;;;;4,153787699363869;;7,159999999999892;10,819999999999814;;;281,0747228934648;418,8882003331036
;;;;3,2188151980185338;;7,169999999999892;10,829999999999814;;;282,1088066917822;418,840864914386
;;;;2,3817942194384565;;7,179999999999891;10,839999999999813;;;283,1229878525659;418,7917116231865
;;;;1,7517313822897278;;7,189999999999891;10,849999999999813;;;284,1178377738222;418,7405832649076
;;;;1,559696825067856;;7,199999999999891;10,859999999999813;;;285,09388244740063;418,687333532427
;;;;1,9122047548387553;;7,209999999999891;10,869999999999813;;;286,0516034773596;418,63182742633046
;;;;2,576270175689386;;7,2199999999998905;10,879999999999812;;;286,99143922788824;418,57394164543115
;;;;2,4948982079881743;;7,22999999999989;10,889999999999812;;;286,93378611536195;418,5135649457998
;;;;2,414178401427274;;7,23999999999989;10,899999999999812;;;286,87840005961533;418,4505984666457
;;;;2,333956279459247;;7,24999999999989;10,909999999999812;;;286,82501610941324;418,3849560215047
;;;;2,254095221697008;;7,25999999999989;10,919999999999812;;;286,7733497163575;418,3165643533155
;;;;2,174480375095748;;7,269999999999889;10,929999999999811;;;286,72309822625243;418,24536335209444
;;;;2,095023195167731;;7,279999999999889;10,939999999999811;;;286,67394259819514;418,17130623405194
;;;;2,059748419898387;;7,289999999999889;10,949999999999811;;;286,6855493589479;418,074359681135
;;;;2,0396014322732365;;7,299999999999889;10,95999999999981;;;286,73577279683525;417,91510394011897
;;;;1,6803999911468153;;7,309999999999889;10,96999999999981;;;286,82311139553525;416,7153148805197
;;;;1,4345336589526694;;7,319999999999888;10,97999999999981;;;286,92609088378;415,49612855074497
;;;;1,0116868385747397;;7,329999999999888;10,98999999999981;;;287,0438661008233;414,2780607558542
;;;;1,5260501159771238;;7,339999999999888;10,99999999999981;;;288,15560510622674;413,06102600473537
;;;;2,0324957666263277;;7,349999999999888;11,00999999999981;;;289,24109205400305;411,86495584421783
;;;;2,102206798076026;;7,3599999999998875;11,01999999999981;;;290,32071224968337;409,70919859726547
;;;;2,3515802705596873;;7,369999999999887;11,02999999999981;;;291,37423790034086;407,5925370620364
;;;;2,362242010431632;;7,379999999999887;11,039999999999809;;;292,40205050636234;405,5138056320506
;;;;2,568025959320797;;7,389999999999887;11,049999999999809;;;293,404526759526;403,4718888540633
;;;;2,5863141909600076;;7,399999999999887;11,059999999999809;;;294,3820430005369;401,46571997991197
;;;;2,780199575546633;;7,4099999999998865;11,069999999999808;;;295,33497963255485;399,49427951208304
;;;;2,7794275469733867;;7,419999999999886;11,079999999999808;;;296,26372544089594;397,55659374292645
;;;;2,8907263759145274;;7,429999999999886;11,089999999999808;;;297,16868176681913;395,6517332876174
;;;;2,944933624651945;;7,439999999999886;11,099999999999808;;;298,0302664819105;393,7588116111372
;;;;2,933141299374025;;7,449999999999886;11,109999999999808;;;298,8695177091155;391,87758354970947
;;;;2,6585069515864514;;7,459999999999885;11,119999999999807;;;298,7068792370028;390,02782582728554
;;;;2,8639663245963622;;7,469999999999885;11,129999999999807;;;298,54222211539576;389,18873610783095
;;;;3,2770812607552613;;7,479999999999885;11,139999999999807;;;298,3754652868971;388,36015002810683
;;;;3,841708112510715;;7,489999999999885;11,149999999999807;;;298,20657722532974;387,52192167247154
;;;;4,488224382245231;;7,4999999999998845;11,159999999999807;;;298,03557709621487;386,69452258754325
;;;;5,181263460841844;;7,509999999999884;11,169999999999806;;;297,86253540326175;385,8778227817915
;;;;5,724366992410386;;7,519999999999884;11,179999999999806;;;296,7075740912494;385,0717082519313
;;;;5,565974036970599;;7,529999999999884;11,189999999999806;;;295,55026608285664;385,23607994188717
;;;;5,6526163733708765;;7,539999999999884;11,199999999999806;;;294,410852234817;385,39205269307166
;;;;5,962452565071909;;7,5499999999998835;11,209999999999805;;;293,28902116711834;385,540118188099
;;;;6,45352728805568;;7,559999999999883;11,219999999999805;;;292,1845250638888;385,6807629701288
;;;;7,079518670749313;;7,569999999999883;11,229999999999805;;;291,0971763606677;385,8144678876952
;;;;7,812722847519554;;7,579999999999883;11,239999999999805;;;290,0268438946671;385,9217075245039
;;;;8,606950644279815;;7,589999999999883;11,249999999999805;;;288,9734485468531;386,0235496170087
;;;;9,901656213796471;;7,599999999999882;11,259999999999804;;;286,9569584133198;387,1004364625996
;;;;11,321257410761676;;7,609999999999882;11,269999999999804;;;284,9767835516513;388,1334028612482
;;;;12,717271662576112;;7,619999999999882;11,279999999999804;;;283,03238835559006;389,14405749725887
;;;;13,171244420191043;;7,629999999999882;11,289999999999804;;;282,103285078216;390,1333648606534
;;;;13,623492867097543;;7,6399999999998816;11,299999999999804;;;281,18962712604633;391,1022636948034
;;;;14,074436708161212;;7,649999999999881;11,309999999999803;;;280,2915841947914;392,05166687738483
;;;;14,52445157965215;;7,659999999999881;11,319999999999803;;;279,40933586141807;392,982461294568
;;;;15,341368483718878;;7,669999999999881;11,329999999999803;;;278,54306515370763;392,9155077116016
;;;;16,14784126576819;;7,679999999999881;11,339999999999803;;;277,69295217666166;392,8510406428821
;;;;16,94265795557714;;7,6899999999998805;11,349999999999802;;;276,85916787529214;392,78928622453054
;;;;17,72483058170491;;7,69999999999988;11,359999999999802;;;276,04186801220834;392,73046155241605
;;;;17,577881041340927;;7,70999999999988;11,369999999999802;;;276,2211874360006;392,67477404467695
;;;;;;7,71999999999988;;;;;
;;;;;;7,72999999999988;;;;;
;;;;;;7,739999999999879;;;;;
;;;;;;7,749999999999879;;;;;
;;;;;;7,759999999999879;;;;;
;;;;;;7,769999999999879;;;;;
;;;;;;7,779999999999879;;;;;
;;;;;;7,789999999999878;;;;;
;;;;;;7,799999999999878;;;;;
;;;;;;7,809999999999878;;;;;
;;;;;;7,819999999999878;;;;;
;;;;;;7,8299999999998775;;;;;
;;;;;;7,839999999999877;;;;;
;;;;;;7,849999999999877;;;;;
;;;;;;7,859999999999877;;;;;
;;;;;;7,869999999999877;;;;;
;;;;;;7,879999999999876;;;;;
;;;;;;7,889999999999876;;;;;
;;;;;;7,899999999999876;;;;;
;;;;;;7,909999999999876;;;;;
;;;;;;7,919999999999876;;;;;
;;;;;;7,929999999999875;;;;;
;;;;;;7,939999999999875;;;;;
;;;;;;7,949999999999875;;;;;
;;;;;;7,959999999999875;;;;;
;;;;;;7,9699999999998745;;;;;
;;;;;;7,979999999999874;;;;;
;;;;;;7,989999999999874;;;;;
;;;;;;7,999999999999874;;;;;
;;;;;;8,009999999999874;;;;;
;;;;;;8,019999999999873;;;;;
;;;;;;8,029999999999873;;;;;
;;;;;;8,039999999999873;;;;;
;;;;;;8,049999999999873;;;;;
;;;;;;8,059999999999873;;;;;
;;;;;;8,069999999999872;;;;;
;;;;;;8,079999999999872;;;;;
;;;;;;8,089999999999872;;;;;
;;;;;;8,099999999999872;;;;;
;;;;;;8,109999999999872;;;;;
;;;;;;8,119999999999871;;;;;
;;;;;;8,129999999999871;;;;;
;;;;;;8,139999999999871;;;;;
;;;;;;8,14999999999987;;;;;
;;;;;;8,15999999999987;;;;;
;;;;;;8,16999999999987;;;;;
;;;;;;8,17999999999987;;;;;
;;;;;;8,18999999999987;;;;;
;;;;;;8,19999999999987;;;;;
;;;;;;8,20999999999987;;;;;
;;;;;;8,21999999999987;;;;;
;;;;;;8,229999999999869;;;;;
;;;;;;8,239999999999869;;;;;
;;;;;;8,249999999999869;;;;;
;;;;;;8,259999999999868;;;;;
;;;;;;8,269999999999868;;;;;
;;;;;;8,279999999999868;;;;;
;;;;;;8,289999999999868;;;;;
;;;;;;8,299999999999867;;;;;
;;;;;;8,309999999999867;;;;;
;;;;;;8,319999999999867;;;;;
;;;;;;8,329999999999867;;;;;
;;;;;;8,339999999999867;;;;;
;;;;;;8,349999999999866;;;;;
;;;;;;8,359999999999866;;;;;
;;;;;;8,369999999999866;;;;;
;;;;;;8,379999999999866;;;;;
;;;;;;8,389999999999866;;;;;
;;;;;;8,399999999999865;;;;;
;;;;;;8,409999999999865;;;;;
;;;;;;8,419999999999865;;;;;
;;;;;;8,429999999999865;;;;;
;;;;;;8,439999999999864;;;;;
;;;;;;8,449999999999864;;;;;
;;;;;;8,459999999999864;;;;;
;;;;;;8,469999999999864;;;;;
;;;;;;8,479999999999864;;;;;
;;;;;;8,489999999999863;;;;;
;;;;;;8,499999999999863;;;;;
;;;;;;8,509999999999863;;;;;
;;;;;;8,519999999999863;;;;;
;;;;;;8,529999999999863;;;;;
;;;;;;8,539999999999862;;;;;
;;;;;;8,549999999999862;;;;;
;;;;;;8,559999999999862;;;;;
;;;;;;8,569999999999862;;;;;
;;;;;;8,579999999999862;;;;;
;;;;;;8,589999999999861;;;;;
;;;;;;8,599999999999861;;;;;
;;;;;;8,60999999999986;;;;;
;;;;;;8,61999999999986;;;;;
;;;;;;8,62999999999986;;;;;
;;;;;;8,63999999999986;;;;;
;;;;;;8,64999999999986;;;;;
;;;;;;8,65999999999986;;;;;
;;;;;;8,66999999999986;;;;;
;;;;;;8,67999999999986;;;;;
;;;;;;8,68999999999986;;;;;
;;;;;;8,699999999999859;;;;;
;;;;;;8,709999999999859;;;;;
;;;;;;8,719999999999859;;;;;
;;;;;;8,729999999999858;;;;;
;;;;;;8,739999999999858;;;;;
;;;;;;8,749999999999858;;;;;
;;;;;;8,759999999999858;;;;;
;;;;;;8,769999999999857;;;;;
;;;;;;8,779999999999857;;;;;
;;;;;;8,789999999999857;;;;;
;;;;;;8,799999999999857;;;;;
;;;;;;8,809999999999857;;;;;
;;;;;;8,819999999999856;;;;;
;;;;;;8,829999999999856;;;;;
;;;;;;8,839999999999856;;;;;
;;;;;;8,849999999999856;;;;;
;;;;;;8,859999999999856;;;;;
;;;;;;8,869999999999855;;;;;
;;;;;;8,879999999999855;;;;;
;;;;;;8,889999999999855;;;;;
;;;;;;8,899999999999855;;;;;
;;;;;;8,909999999999854;;;;;
;;;;;;8,919999999999854;;;;;
;;;;;;8,929999999999854;;;;;
;;;;;;8,939999999999854;;;;;
;;;;;;8,949999999999854;;;;;
;;;;;;8,959999999999853;;;;;
;;;;;;8,969999999999853;;;;;
;;;;;;8,979999999999853;;;;;
;;;;;;8,989999999999853;;;;;
;;;;;;8,999999999999853;;;;;
;;;;;;9,009999999999852;;;;;
;;;;;;9,019999999999852;;;;;
;;;;;;9,029999999999852;;;;;
;;;;;;9,039999999999852;;;;;
;;;;;;9,049999999999851;;;;;
;;;;;;9,059999999999851;;;;;
;;;;;;9,069999999999851;;;;;
;;;;;;9,07999999999985;;;;;
;;;;;;9,08999999999985;;;;;
;;;;;;9,09999999999985;;;;;
;;;;;;9,10999999999985;;;;;
;;;;;;9,11999999999985;;;;;
;;;;;;9,12999999999985;;;;;
;;;;;;9,13999999999985;;;;;
;;;;;;9,14999999999985;;;;;
;;;;;;9,15999999999985;;;;;
;;;;;;9,169999999999849;;;;;
;;;;;;9,179999999999849;;;;;
;;;;;;9,189999999999849;;;;;
;;;;;;9,199999999999848;;;;;
;;;;;;9,209999999999848;;;;;
;;;;;;9,219999999999848;;;;;
;;;;;;9,229999999999848;;;;;
;;;;;;9,239999999999847;;;;;
;;;;;;9,249999999999847;;;;;
;;;;;;9,259999999999847;;;;;
;;;;;;9,269999999999847;;;;;
;;;;;;9,279999999999847;;;;;
;;;;;;9,289999999999846;;;;;
;;;;;;9,299999999999846;;;;;
;;;;;;9,309999999999846;;;;;
;;;;;;9,319999999999846;;;;;
;;;;;;9,329999999999846;;;;;
;;;;;;9,339999999999845;;;;;
;;;;;;9,349999999999845;;;;;
;;;;;;9,359999999999845;;;;;
;;;;;;9,369999999999845;;;;;
;;;;;;9,379999999999844;;;;;
;;;;;;9,389999999999844;;;;;
;;;;;;9,399999999999844;;;;;
;;;;;;9,409999999999844;;;;;
;;;;;;9,419999999999844;;;;;
;;;;;;9,429999999999843;;;;;
;;;;;;9,439999999999843;;;;;
;;;;;;9,449999999999843;;;;;
;;;;;;9,459999999999843;;;;;
;;;;;;9,469999999999843;;;;;
;;;;;;9,479999999999842;;;;;
;;;;;;9,489999999999842;;;;;
;;;;;;9,499999999999842;;;;;
;;;;;;9,509999999999842;;;;;
;;;;;;9,519999999999841;;;;;
;;;;;;9,529999999999841;;;;;
;;;;;;9,539999999999841;;;;;
;;;;;;9,54999999999984;;;;;
;;;;;;9,55999999999984;;;;;
;;;;;;9,56999999999984;;;;;
;;;;;;9,57999999999984;;;;;
;;;;;;9,58999999999984;;;;;
;;;;;;9,59999999999984;;;;;
;;;;;;9,60999999999984;;;;;
;;;;;;9,61999999999984;;;;;
;;;;;;9,62999999999984;;;;;
;;;;;;9,639999999999839;;;;;
;;;;;;9,649999999999839;;;;;
;;;;;;9,659999999999838;;;;;
;;;;;;9,669999999999838;;;;;
;;;;;;9,679999999999838;;;;;
;;;;;;9,689999999999838;;;;;
;;;;;;9,699999999999838;;;;;
;;;;;;9,709999999999837;;;;;
;;;;;;9,719999999999837;;;;;
;;;;;;9,729999999999837;;;;;
;;;;;;9,739999999999837;;;;;
;;;;;;9,749999999999837;;;;;
;;;;;;9,759999999999836;;;;;
;;;;;;9,769999999999836;;;;;
;;;;;;9,779999999999836;;;;;
;;;;;;9,789999999999836;;;;;
;;;;;;9,799999999999836;;;;;
;;;;;;9,809999999999835;;;;;
;;;;;;9,819999999999835;;;;;
;;;;;;9,829999999999835;;;;;
;;;;;;9,839999999999835;;;;;
;;;;;;9,849999999999834;;;;;
;;;;;;9,859999999999834;;;;;
;;;;;;9,869999999999834;;;;;
;;;;;;9,879999999999834;;;;;
;;;;;;9,889999999999834;;;;;
;;;;;;9,899999999999833;;;;;
;;;;;;9,909999999999833;;;;;
;;;;;;9,919999999999833;;;;;
;;;;;;9,929999999999833;;;;;
;;;;;;9,939999999999833;;;;;
;;;;;;9,949999999999832;;;;;
;;;;;;9,959999999999832;;;;;
;;;;;;9,969999999999832;;;;;
;;;;;;9,979999999999832;;;;;
;;;;;;9,989999999999831;;;;;
;;;;;;9,999999999999831;;;;;
;;;;;;10,009999999999831;;;;;
;;;;;;10,01999999999983;;;;;
;;;;;;10,02999999999983;;;;;
;;;;;;10,03999999999983;;;;;
;;;;;;10,04999999999983;;;;;
;;;;;;10,05999999999983;;;;;
;;;;;;10,06999999999983;;;;;
;;;;;;10,07999999999983;;;;;
;;;;;;10,08999999999983;;;;;
;;;;;;10,09999999999983;;;;;
;;;;;;10,109999999999829;;;;;
;;;;;;10,119999999999829;;;;;
;;;;;;10,129999999999828;;;;;
;;;;;;10,139999999999828;;;;;
;;;;;;10,149999999999828;;;;;
;;;;;;10,159999999999828;;;;;
;;;;;;10,169999999999828;;;;;
;;;;;;10,179999999999827;;;;;
;;;;;;10,189999999999827;;;;;
;;;;;;10,199999999999827;;;;;
;;;;;;10,209999999999827;;;;;
;;;;;;10,219999999999827;;;;;
;;;;;;10,229999999999826;;;;;
;;;;;;10,239999999999826;;;;;
;;;;;;10,249999999999826;;;;;
;;;;;;10,259999999999826;;;;;
;;;;;;10,269999999999825;;;;;
;;;;;;10,279999999999825;;;;;
;;;;;;10,289999999999825;;;;;
;;;;;;10,299999999999825;;;;;
;;;;;;10,309999999999825;;;;;
;;;;;;10,319999999999824;;;;;
;;;;;;10,329999999999824;;;;;
;;;;;;10,339999999999824;;;;;
;;;;;;10,349999999999824;;;;;
;;;;;;10,359999999999824;;;;;
;;;;;;10,369999999999823;;;;;
;;;;;;10,379999999999823;;;;;
;;;;;;10,389999999999823;;;;;
;;;;;;10,399999999999823;;;;;
;;;;;;10,409999999999823;;;;;
;;;;;;10,419999999999822;;;;;
;;;;;;10,429999999999822;;;;;
;;;;;;10,439999999999822;;;;;
;;;;;;10,449999999999822;;;;;
;;;;;;10,459999999999821;;;;;
;;;;;;10,469999999999821;;;;;
;;;;;;10,479999999999821;;;;;
;;;;;;10,48999999999982;;;;;
;;;;;;10,49999999999982;;;;;
;;;;;;10,50999999999982;;;;;
;;;;;;10,51999999999982;;;;;
;;;;;;10,52999999999982;;;;;
;;;;;;10,53999999999982;;;;;
;;;;;;10,54999999999982;;;;;
;;;;;;10,55999999999982;;;;;
;;;;;;10,569999999999819;;;;;
;;;;;;10,579999999999819;;;;;
;;;;;;10,589999999999819;;;;;
;;;;;;10,599999999999818;;;;;
;;;;;;10,609999999999818;;;;;
;;;;;;10,619999999999818;;;;;
;;;;;;10,629999999999818;;;;;
;;;;;;10,639999999999818;;;;;
;;;;;;10,649999999999817;;;;;
;;;;;;10,659999999999817;;;;;
;;;;;;10,669999999999817;;;;;
;;;;;;10,679999999999817;;;;;
;;;;;;10,689999999999817;;;;;
;;;;;;10,699999999999816;;;;;
;;;;;;10,709999999999816;;;;;
;;;;;;10,719999999999816;;;;;
;;;;;;10,729999999999816;;;;;
;;;;;;10,739999999999815;;;;;
;;;;;;10,749999999999815;;;;;
;;;;;;10,759999999999815;;;;;
;;;;;;10,769999999999815;;;;;
;;;;;;10,779999999999815;;;;;
;;;;;;10,789999999999814;;;;;
;;;;;;10,799999999999814;;;;;
;;;;;;10,809999999999814;;;;;
;;;;;;10,819999999999814;;;;;
;;;;;;10,829999999999814;;;;;
;;;;;;10,839999999999813;;;;;
;;;;;;10,849999999999813;;;;;
;;;;;;10,859999999999813;;;;;
;;;;;;10,869999999999813;;;;;
;;;;;;10,879999999999812;;;;;
;;;;;;10,889999999999812;;;;;
;;;;;;10,899999999999812;;;;;
;;;;;;10,909999999999812;;;;;
;;;;;;10,919999999999812;;;;;
;;;;;;10,929999999999811;;;;;
;;;;;;10,939999999999811;;;;;
;;;;;;10,949999999999811;;;;;
;;;;;;10,95999999999981;;;;;
;;;;;;10,96999999999981;;;;;
;;;;;;10,97999999999981;;;;;
;;;;;;10,98999999999981;;;;;
;;;;;;10,99999999999981;;;;;
;;;;;;11,00999999999981;;;;;
;;;;;;11,01999999999981;;;;;
;;;;;;11,02999999999981;;;;;
;;;;;;11,039999999999809;;;;;
;;;;;;11,049999999999809;;;;;
;;;;;;11,059999999999809;;;;;
;;;;;;11,069999999999808;;;;;
;;;;;;11,079999999999808;;;;;
;;;;;;11,089999999999808;;;;;
;;;;;;11,099999999999808;;;;;
;;;;;;11,109999999999808;;;;;
;;;;;;11,119999999999807;;;;;
;;;;;;11,129999999999807;;;;;
;;;;;;11,139999999999807;;;;;
;;;;;;11,149999999999807;;;;;
;;;;;;11,159999999999807;;;;;
;;;;;;11,169999999999806;;;;;
;;;;;;11,179999999999806;;;;;
;;;;;;11,189999999999806;;;;;
;;;;;;11,199999999999806;;;;;
;;;;;;11,209999999999805;;;;;
;;;;;;11,219999999999805;;;;;
;;;;;;11,229999999999805;;;;;
;;;;;;11,239999999999805;;;;;
;;;;;;11,249999999999805;;;;;
;;;;;;11,259999999999804;;;;;
;;;;;;11,269999999999804;;;;;
;;;;;;11,279999999999804;;;;;
;;;;;;11,289999999999804;;;;;
;;;;;;11,299999999999804;;;;;
;;;;;;11,309999999999803;;;;;
;;;;;;11,319999999999803;;;;;
;;;;;;11,329999999999803;;;;;
;;;;;;11,339999999999803;;;;;
;;;;;;11,349999999999802;;;;;
;;;;;;11,359999999999802;;;;;
;;;;;;11,369999999999802;;;;;
